id,class
10012948178928844973,mandazi
10016255734584487617,chapati
10017203437761541280,masalachips
10042452200113370715,masalachips
10050515638223314442,mandazi
10053968366178130571,sukumawiki
1006060013086312085,masalachips
10061861767693484137,chapati
10102135989223399039,chapati
10103763181844518961,kachumbari
10110582739476753591,mandazi
1012540739795173529,githeri
1013952166807497168,pilau
10146855953709637313,chapati
1014758634312903488,nyamachoma
10167444174484939993,mandazi
10173313192655643896,mandazi
10176356153835566581,sukumawiki
10195507108269262644,masalachips
10203541511031933373,mandazi
10205244452050272005,chapati
10208281714289280088,ugali
10210408058411103472,sukumawiki
10221522431636914443,chapati
10230038748281830358,nyamachoma
1024172349080163166,kachumbari
10243624299955586797,chapati
10255648894052535135,mandazi
10256780869845093755,matoke
10264960019373316310,matoke
10266902659295083441,kachumbari
10288717483743612585,pilau
103036780097863920,nyamachoma
10311739361957857118,sukumawiki
10320356927600389905,nyamachoma
1033086413179005018,masalachips
10337523048897178851,kukuchoma
10339228361504636930,pilau
10339445144891593406,mukimo
10344999206857056903,bhaji
10351321552509718242,githeri
10354662323938476449,chapati
10364628891292215286,chapati
10371782867175298965,sukumawiki
10373288511046020375,chapati
10407250256484575073,kachumbari
10417461014938569051,bhaji
10417553581850764656,chapati
10475097977441005546,pilau
10480333472611798096,masalachips
10483801740458139427,kukuchoma
10491256178322529476,matoke
104956647675820356,ugali
10504912205528049568,matoke
10506683434231810860,kachumbari
10508811797266261726,kachumbari
10512852557571437074,ugali
10519153448070663082,matoke
10528645622792142544,ugali
10532083228859767991,githeri
10535164608254533949,mukimo
10536300270659742242,matoke
10551512450149335925,kachumbari
10582487494537163215,githeri
10601495795550038385,mandazi
10602126542081344456,mandazi
10616076561470538769,ugali
10619929827387197798,mandazi
10620358370202923405,matoke
10674321683321961133,kachumbari
10697004676217407233,chapati
10700319438606129328,matoke
10707672208559554989,bhaji
10710744428241805292,bhaji
10713202486153775113,kachumbari
10723558968331143654,nyamachoma
107237062910247483,bhaji
10729862377049274337,nyamachoma
1073763521135295622,bhaji
10748063253389367191,masalachips
10748354524868351672,sukumawiki
10791629834287363649,ugali
10795359869992181027,bhaji
10797822793240488233,chapati
10803788572811639770,bhaji
10815116019028231574,bhaji
10826072273851009499,mandazi
10845272713647403861,sukumawiki
10850480463793081851,nyamachoma
10851665188086144096,kachumbari
10853008516383035203,bhaji
1085792071419706511,nyamachoma
10891132468026687488,ugali
10954539690037219490,githeri
10973711001735621347,masalachips
10980071427192134186,kachumbari
10980185564964092888,masalachips
1098023235865464920,matoke
10984765358796854556,ugali
10993245191893468779,masalachips
11009355379742773932,mukimo
1101086852112914815,masalachips
11020565079782254191,kachumbari
11028217028893474809,chapati
11039340225427856921,ugali
11044581937949087098,bhaji
11044867619383050343,chapati
11056899456295591592,ugali
11058274914593348889,chapati
1106694991546983314,kachumbari
11079796085361065317,bhaji
11091193550656819941,pilau
11117759125338559636,kachumbari
11134487749526925893,mandazi
11141297177585788700,kachumbari
11144507773392113142,masalachips
11152145487391213387,nyamachoma
1115228811319201106,mandazi
11158798791507354940,bhaji
11161592484022752993,sukumawiki
11169730427123105877,nyamachoma
11171609565143950113,bhaji
11211894933215739524,nyamachoma
11213160321815852433,ugali
11229408752474581458,mandazi
11243847040700125467,githeri
11272386488542472488,chapati
11272422573892563227,mandazi
11273007305087293207,nyamachoma
11274329368194161236,mandazi
11279908218093871009,kachumbari
11286894758093276309,bhaji
11299632968648331698,githeri
11305592030899710835,mandazi
11311150889517097196,chapati
11326839832877371856,bhaji
11337580954633840380,bhaji
11338539282675200623,chapati
11343589069114007636,ugali
11351098185926786646,githeri
113551969029114053,mukimo
1138106990904529981,githeri
11403697091659910322,nyamachoma
11418020780046484746,githeri
11436000120645512306,mandazi
11443150436196590511,chapati
11443566797673901824,pilau
11454517292593001511,ugali
11456538388715881358,ugali
1146082121229055859,masalachips
11473820028228799385,chapati
11474789851827593263,chapati
11494506886140471019,mandazi
11509772022735648272,kachumbari
1151340011619121945,bhaji
11525666882164779739,bhaji
11526617272571493157,matoke
11530854430921755767,mandazi
11535783017487666377,githeri
11540687631499223797,ugali
11554647870369242755,ugali
11562798857806808660,bhaji
11570361516996432272,ugali
11584846466132646723,nyamachoma
11596236335844142683,masalachips
11608483177445666809,bhaji
11609818703397893644,kachumbari
11626675398845327226,kachumbari
11633379313373654772,chapati
11641094941268581672,mandazi
11648134672858840143,pilau
11649028343893710995,githeri
11660516594270309605,chapati
11683136514686159716,nyamachoma
11686084625492414640,nyamachoma
11690744022751122119,masalachips
11706451632744487001,chapati
11723940602129810871,sukumawiki
1173020092299634974,pilau
11735241419066753610,sukumawiki
1173586271487070643,nyamachoma
1174247532507103283,chapati
11745018387233210534,kachumbari
11750276302507587184,nyamachoma
11787766096002607097,ugali
11791724966108167231,mandazi
11797153860402397545,ugali
1180279488524772316,bhaji
11804294007543250675,bhaji
11826188387011913224,bhaji
1183733029670761680,mandazi
11853808499021519488,matoke
11857063416583993569,masalachips
11870644920926774302,ugali
11886108908787234100,githeri
11899337070914149329,nyamachoma
1190904870294331237,ugali
11914506071616812775,ugali
11914821150418780901,kachumbari
11928092208330908057,mukimo
11933447057896498110,mandazi
11940823392168682155,bhaji
11947190595166529551,kachumbari
11952985267683224487,bhaji
11955422321727122681,ugali
11967373751660434844,githeri
11967799842762378865,ugali
11993608360875146910,masalachips
11995486685038660626,masalachips
12001296101416377746,bhaji
12038492551581814157,nyamachoma
12070983743458305916,bhaji
12074429365762101140,chapati
12076092859851631966,nyamachoma
12117591841116020342,matoke
12123628312093621035,matoke
12162992756092840108,pilau
12165321421457961757,ugali
12177996140980390810,githeri
12190229724565779094,ugali
12190482841788287969,nyamachoma
12196416060090351959,pilau
12221502945528211143,githeri
12228548014114347637,bhaji
12271621435591006611,ugali
12279804649668117069,ugali
12283111740174705307,nyamachoma
12283929423234404748,ugali
12290676955087800036,masalachips
12295810728359605251,githeri
12304585492801821345,masalachips
12320624771371620611,sukumawiki
12321092172142397531,bhaji
12327116534611590760,mandazi
12328727869028574419,nyamachoma
12339291527051578818,ugali
12344218208966038964,mukimo
12348877400293200158,bhaji
12352579916842867652,chapati
12364512757094615843,bhaji
12364679000028286569,chapati
12386083533968767880,nyamachoma
12413229900846481172,chapati
12422873183785263624,ugali
12429188656729245881,githeri
12431941384907995104,nyamachoma
12445059029864140012,ugali
12455267876915175342,chapati
12462405995319637502,bhaji
12467060892843811929,chapati
12472035486303806404,nyamachoma
12478415505890487683,masalachips
12482948081733083879,nyamachoma
1249070716387127720,chapati
12505734476673450526,bhaji
12514819892510253670,masalachips
1253171383327810313,kachumbari
12533434704225311496,pilau
1255838052347703913,nyamachoma
12563942188259613277,matoke
12568830030170575694,matoke
12572693452350169998,nyamachoma
12581217044189412164,nyamachoma
12586310520313462797,nyamachoma
1261318722338624942,mandazi
12639031659766357988,nyamachoma
1265667290428250027,bhaji
12660353753615869358,githeri
12675696889000557268,nyamachoma
12687387531012590726,chapati
1268853060970168600,mandazi
12693635314941678375,ugali
12714720349333631297,chapati
12721335060755333946,nyamachoma
12732485253443099573,mandazi
12749715907909482115,chapati
12759250811951168964,bhaji
12762109995665584616,chapati
12762169892358287662,githeri
12768257978219958878,matoke
1278095148647623582,githeri
12783032832594175398,masalachips
12791160987897779976,nyamachoma
12793253785941933396,matoke
12796141440678518689,mandazi
12814409014851519046,bhaji
12816264944833013721,matoke
12822984801274962169,chapati
12823018413701037577,sukumawiki
12831757841808404416,ugali
12835348423889232535,nyamachoma
12845086906581581025,ugali
12848194191340681404,nyamachoma
12890258924022188867,mandazi
12893931851747442508,sukumawiki
12903887034410917010,bhaji
12928607961960439678,mukimo
12954994108174539032,pilau
12962763238398627359,matoke
12996544507914608881,masalachips
12997476133667802748,matoke
13000400453951407825,masalachips
13004884250122536899,masalachips
13014842969128712002,bhaji
13030474542176117586,mandazi
13030798924629492933,pilau
13036738916593120738,githeri
13046092059779174320,chapati
1308405771024117947,chapati
13106084860451128932,bhaji
13111176240809360370,pilau
1312543806639876521,masalachips
13130517454188646276,bhaji
13132651776640899968,mukimo
1315418192411844186,chapati
13163766597204316175,bhaji
13172261710344007662,nyamachoma
13198348573316800472,bhaji
13202364408612726373,githeri
13206921344428048576,bhaji
13211555919876126779,kachumbari
13227099242459268271,nyamachoma
13229977937927150508,ugali
13246615735617325663,chapati
13250687501080686233,bhaji
13250986353851418035,chapati
13251224800333445142,nyamachoma
13257074777064862244,masalachips
13269206833477599083,nyamachoma
1327679144513531403,chapati
13280393165872350073,nyamachoma
13316308935725775772,mandazi
13316815897751714618,sukumawiki
13317272067204100182,kachumbari
13319384938647182256,nyamachoma
1331948340791588617,ugali
13320788895241148258,bhaji
1332419927557888525,kachumbari
13334162841330420370,nyamachoma
13343190060226671342,bhaji
13354030671879228104,nyamachoma
13355321050336751346,ugali
13373868820710903194,githeri
13379120103899527603,mandazi
13382607997436886168,mandazi
1338531362454450346,bhaji
13391809996198129571,nyamachoma
13392872177502096557,mandazi
13395793322365795428,chapati
13405159931727864910,ugali
13406266595115779191,ugali
13433362408458218349,kachumbari
13437902355558957450,pilau
13438310602385921393,sukumawiki
13439795037187141784,nyamachoma
13447044253231711526,pilau
13452690258779666660,nyamachoma
13479425059802666179,bhaji
13487503338633620941,githeri
13493423979918447741,ugali
13495864791665742259,chapati
13500013090806477875,pilau
13507811531970908780,chapati
13517487854360157108,nyamachoma
13534564745582724884,nyamachoma
13541846575085077717,kachumbari
13551920298083453325,ugali
13552367371481848242,nyamachoma
13553859105330776750,mukimo
1357774156620403185,pilau
13585512538775023364,bhaji
13607305395420305804,githeri
13614126059644421646,sukumawiki
13628448682521713100,ugali
13629136560418963455,ugali
13651203668939430381,masalachips
13688545282406807934,kachumbari
1370022267746356756,ugali
1371344754900764852,nyamachoma
13727972974186781687,githeri
13738694436628663675,masalachips
13740848199373029732,nyamachoma
13745924057774526623,sukumawiki
13762088470187101263,nyamachoma
13767647365069003418,githeri
13775877460659507506,kachumbari
13783194148085135188,masalachips
13790341694227572531,nyamachoma
13792572633518521255,bhaji
13813539405832200604,chapati
13821488647740832481,ugali
13843672218362106083,ugali
1385496500998660673,ugali
13889356072858768081,bhaji
13919137189054992730,matoke
13928378446623884919,nyamachoma
13938600820860208169,kachumbari
13939825492558018160,chapati
13940458653671796544,ugali
13940543650736546476,nyamachoma
13941062316169308071,bhaji
13942675409217947095,bhaji
13957916194498980767,kukuchoma
13967636354169271196,nyamachoma
13977737450013523872,bhaji
1398183371348896545,masalachips
13983039085023766405,nyamachoma
1399298471813775374,githeri
14002663410851072019,mukimo
14028842691736739333,matoke
14037709158029880395,ugali
14039380239746367820,chapati
14045745760440690312,kachumbari
14068111136860818040,mandazi
14070496070439832295,ugali
14075656350798247702,mukimo
14081566878889776236,nyamachoma
14113208918002127606,mukimo
14113767254285658937,mandazi
1413491267736237828,ugali
14147686517222502987,sukumawiki
14149955071751662071,chapati
1415597112341674171,bhaji
14156508233128764200,chapati
1416608071633996509,bhaji
14171265242887745988,ugali
14180072963460703831,nyamachoma
14184832650243842139,nyamachoma
14240476305046308115,ugali
14262882924647087716,mandazi
1427143001731403449,chapati
1428727541408651019,masalachips
14289595034224601327,kachumbari
14301458430728614216,mandazi
14304015679813543844,sukumawiki
14311250949158129655,mandazi
14329999749436931016,bhaji
14330512687843128887,masalachips
14335091147100010464,ugali
14344454081637602716,githeri
14352737897122827394,kachumbari
14360740897193017434,masalachips
14370130138336302583,mandazi
14381175113183798313,masalachips
14396271323363876211,chapati
14401677604126188523,nyamachoma
14409722843287822376,kachumbari
14418888052034006622,chapati
14433107744050567709,chapati
14469062941266525119,bhaji
14474177846666819107,githeri
14477917280356845903,nyamachoma
14503664762346347895,mandazi
14507826452339696121,githeri
14508043394830310397,nyamachoma
14510735002641936346,nyamachoma
14518567795193307057,ugali
14524516184482112107,kachumbari
14534943687071186959,mandazi
14542091352150712102,mukimo
14542278034613981489,bhaji
1454430129030544281,chapati
14568481059975767541,nyamachoma
14579203465964835328,bhaji
14588723242839554524,githeri
14637370724708344224,bhaji
14644963988026730156,chapati
14646216953902787580,ugali
14651396983149172235,githeri
14682022971419658088,chapati
14689699371785903046,matoke
14698117972999685745,kukuchoma
14705482677872366116,kachumbari
14733818526001033426,kachumbari
14736377393501259014,matoke
14750003877255899680,ugali
14751183694236241016,kukuchoma
1475593175992332077,kachumbari
14759274639870568932,ugali
14771953169442246108,ugali
14774608777583701279,chapati
14784080218898399737,mandazi
14788469385970563138,mandazi
14790279085155594495,ugali
14794431530485533532,ugali
14821606558201435649,nyamachoma
14828464693772588599,mukimo
1483732360027030920,bhaji
14838065746498510182,bhaji
14853373379261363545,nyamachoma
14869098652331542245,nyamachoma
14869198847112256801,bhaji
14883350799668408092,kachumbari
14884867738484362016,chapati
14885818782999856641,chapati
14897899541660122499,chapati
14904890058669491601,masalachips
14907600478035390244,ugali
14910815778585905462,matoke
14923927546545724500,githeri
14948875147957210615,ugali
14954270823585947476,mandazi
14972385907001542357,chapati
14975855235003076153,ugali
14977719907677045909,nyamachoma
14977720817061600083,sukumawiki
14977836354102447397,chapati
14982433425707378904,chapati
15008498520128955330,masalachips
15008606007081715042,chapati
15010453219563633688,nyamachoma
15010872175872627302,chapati
15017846103792770311,bhaji
15018645075741600595,githeri
15020646111049793044,mandazi
15032902680516105433,mukimo
15036260053820178320,chapati
15040030949411171384,chapati
15055844595530745526,nyamachoma
15074122413915912633,chapati
15091543643924590227,ugali
15094209723693830648,bhaji
15102386848949584409,kachumbari
1510922567410133293,matoke
15111563051992581074,kachumbari
15124601588601977470,chapati
15128827535193084602,githeri
15133695366550968682,pilau
1514148605272563452,sukumawiki
15152155025166295083,mukimo
15162516103725235494,chapati
15173096783841936558,mandazi
15174454883199729114,githeri
15181524804269396907,githeri
15186846494439417666,mandazi
15196825795726720908,chapati
15210759296054570135,kachumbari
15227681188007686480,matoke
15230146045255249246,kachumbari
15236417011922871300,sukumawiki
15242087691161580527,mandazi
1524324381998951814,bhaji
15246833662796709148,mandazi
15265065584326275962,nyamachoma
15270725996382649745,chapati
152888021689291186,pilau
15294536547736352103,bhaji
15296918300215415117,mandazi
15306443292675736537,bhaji
15307304429787502647,kukuchoma
15307323044021690827,masalachips
15310154059733998478,nyamachoma
15313076560374808804,ugali
15314143806655733248,ugali
1532086957913213704,kukuchoma
15332892200993368190,chapati
15343688871541190605,nyamachoma
15376301611496608511,bhaji
15403420818112465789,matoke
15413941144267748757,nyamachoma
15420066193900048627,kukuchoma
15450539672416277630,mukimo
15461336456581749050,kachumbari
154626877971440280,masalachips
15480299189183376248,bhaji
15485518962054818769,masalachips
15488577862285772385,ugali
15490707535641028515,bhaji
15499739773845712139,kachumbari
15505174384778606562,masalachips
15509987023060187858,githeri
15525226038135404760,nyamachoma
15529833818405966637,chapati
1553184083042063886,chapati
15531978135341164318,bhaji
15533621051618586637,nyamachoma
15544679750857647773,bhaji
15549099511346145382,ugali
15577853985026801001,nyamachoma
15582042505718620717,nyamachoma
15596358233125936287,chapati
15607329917012448646,mandazi
15611581128678721814,githeri
15612062029096667719,ugali
15612567078362920839,pilau
15617575508956638548,ugali
15620030317225182783,matoke
15646603959260555168,bhaji
15656915889418040474,chapati
15662555471234479295,bhaji
15681490616909511082,mandazi
15688539211367505590,chapati
15690765801804992630,githeri
15711053061372693625,ugali
15721642928858865483,nyamachoma
15724177877360668352,nyamachoma
15752312655350223308,ugali
15753219093765952776,nyamachoma
15756845896695767480,chapati
15771718359736361195,bhaji
15774509175386121072,ugali
15781013442978420992,mukimo
15781707531856133212,githeri
15784926491953258851,chapati
15791639334496722722,kachumbari
15791703871751245807,chapati
15791856405164437400,chapati
15799150417003083830,nyamachoma
15804995223901481463,pilau
15809849087520119899,sukumawiki
15837883805851084503,chapati
15844167304487176808,mandazi
15846966106711095164,mandazi
15851485436682147775,matoke
15853496694170956406,masalachips
15869416440044504815,mandazi
15910854737137573329,chapati
15911324942732885782,pilau
15920672464676076400,chapati
15923937039872096342,masalachips
15929465992836972617,masalachips
15975300486287559149,chapati
15977602221596961242,ugali
15978219442538254263,nyamachoma
15982728669335550431,matoke
15984341305404319383,matoke
15998400115613049600,ugali
16003046902247218372,chapati
16005804452728780221,masalachips
16008198301773137843,masalachips
16014255725798508949,ugali
16047648421475878169,githeri
16058389757712086067,ugali
16064694664829207474,sukumawiki
16068045086028911094,ugali
16081955052396515352,githeri
16088305652519027380,nyamachoma
16090370659377724717,mukimo
1609143050607389938,mandazi
16107650016171559861,githeri
16137372327796350145,kachumbari
16150381593558613667,nyamachoma
16163698595106064783,chapati
16165919877839179215,githeri
16184090265294880026,ugali
1618978818159102165,mandazi
16191886429617726763,bhaji
16200589865827271682,matoke
16207772984496375986,pilau
16215118427448248795,bhaji
16228985468751647345,chapati
16240294111417736364,ugali
1624420788151593262,ugali
1624628203647259441,bhaji
16248144946733558995,chapati
16261532715470619259,ugali
16271962796057438680,mandazi
16273186685497510505,pilau
16284339368408617325,ugali
16299062930688223105,matoke
16316726223246099607,githeri
16330529712295811220,mandazi
16346221003002318158,masalachips
1634677067926052168,chapati
16347512959885457500,nyamachoma
16359624726774465653,ugali
16360053100243637554,chapati
1636060190432298371,kachumbari
16362870378604418258,nyamachoma
16380946673821752034,kachumbari
16405252168285728336,sukumawiki
16423264267335797272,pilau
16430359035991942160,pilau
16435542866281203198,bhaji
16441050918723849392,matoke
16460555439699581499,chapati
16468968984286559123,githeri
16469299669885562719,ugali
16478122708528316044,nyamachoma
16482573853302461184,mandazi
1650418735303575021,mandazi
16506613738506365486,pilau
16516137224955958547,mandazi
16530947211268098698,ugali
16533487991386443846,masalachips
1655820056990082835,kukuchoma
16562815677981514851,ugali
16584636308754833888,chapati
16613706322518465182,matoke
16628438556945881387,mandazi
16631107634181700801,mandazi
16650485826744610229,chapati
16683593917678038805,sukumawiki
16702924748016195659,mukimo
16727233800936938420,kukuchoma
16728558560904016227,matoke
16733507603041909653,kukuchoma
1674572457225651955,bhaji
16759206379836099311,chapati
16761524033244008930,kachumbari
16777923082017237424,chapati
1682467021062503279,sukumawiki
16856439956069557065,bhaji
16856724721935104840,masalachips
16858989850871977407,pilau
16863679609295193704,nyamachoma
1686713138475937211,matoke
16892044434778607840,bhaji
16900522038743265235,kachumbari
16903252693459438162,chapati
16928409432073245315,ugali
16932310213626556353,ugali
16941361751969582812,bhaji
16950218206711962777,bhaji
16952847848158134734,bhaji
16957067880792897424,kachumbari
16958253624924284721,ugali
169596052904384929,matoke
16968451424473401787,ugali
1697740580442690826,chapati
1697974532803824405,masalachips
17000302746108182251,nyamachoma
17016194531290180584,chapati
1703023458869847812,nyamachoma
1704933171119356655,nyamachoma
17061045588500783654,chapati
17076771111771916276,chapati
17093341382563500450,ugali
17093854010278610007,sukumawiki
1710087518209128715,ugali
17111282132647759228,kukuchoma
171227099262874892,nyamachoma
17128961191243831995,chapati
1715463350291711070,githeri
17155176596608139776,kachumbari
17160973393552648717,bhaji
17177855810863632504,bhaji
17194171674521480016,matoke
17207040581827766683,kachumbari
17210534352979300296,ugali
1722419049703004856,chapati
17224247491032553528,ugali
17229050710209913384,chapati
17229523467539372791,nyamachoma
17232204708171768578,githeri
17237943203754196098,nyamachoma
1723962232858790187,kachumbari
17247439826935206669,githeri
17254491036980948864,chapati
17265890521318489894,nyamachoma
17268932542209018929,bhaji
17279393350855499335,sukumawiki
17288124010928133768,matoke
17303778962142622943,nyamachoma
1730626924174214169,githeri
1736742007286049237,masalachips
17369887714922783958,ugali
17385307640579501917,ugali
17396465452706938130,sukumawiki
17405823518480242573,pilau
17407164644096829758,nyamachoma
17425729619528845318,sukumawiki
17427226605692675584,chapati
17428083461665746253,chapati
17432578408954224623,mukimo
17434792391398283853,mandazi
17449231579446717630,mandazi
17499789004943031109,ugali
17503305627836209893,mandazi
17511719856616651463,chapati
17540338176687178800,githeri
17541793846121032654,mandazi
17542312725499552915,sukumawiki
17564317916912636892,githeri
17582687004008127199,mandazi
17587312988469419512,ugali
1759135768261014724,kachumbari
1761202656439641211,ugali
17631355737332511323,mandazi
17642519064997669291,ugali
17647919880829694060,chapati
17678401718186637352,bhaji
17696150560205563525,kukuchoma
17720302108385555487,kachumbari
17721024324489212453,githeri
17725084622075378553,ugali
17733287478139414916,masalachips
17744659393778354376,ugali
17752160307677920947,nyamachoma
17787049892774459992,nyamachoma
1779013345779834610,nyamachoma
17793511006924940690,kachumbari
17798498189032749418,chapati
17806668235125090499,chapati
1780765580077424678,chapati
17811283064377029460,mandazi
1783605112612427915,ugali
17845059770439246665,mandazi
1784551336321293786,nyamachoma
17846448057344912879,githeri
17850164114256913036,chapati
17864066076414752915,bhaji
1786854575084752331,bhaji
17894731876393806340,matoke
17913487156732559719,chapati
17914231228109970366,matoke
17918549253947459126,chapati
17937127923183919409,sukumawiki
17957050181611602287,mandazi
17965719205558860536,githeri
17980027642878552332,ugali
17989123767488385348,nyamachoma
17991507866984729258,chapati
17999040034330114797,masalachips
18004644678378107263,bhaji
18007961739551904029,mukimo
18015840738198286236,mandazi
18033263504731551310,chapati
18035688642552147908,matoke
18042403032976536971,bhaji
18043195612774591569,mandazi
18068544492434403471,mandazi
18077818944344288808,chapati
18082384823003118705,githeri
180880180783328209,matoke
1809594897324964994,githeri
18103661662374264683,chapati
18107350579341218870,mandazi
18119167464207084546,matoke
18130385372494771245,chapati
18133551717905815019,pilau
18137002209462925587,chapati
18153554256201967999,mandazi
18162464105777535071,ugali
18163819724578571188,mandazi
1816737487158588663,pilau
1820280516107246454,matoke
18204843003659860818,kachumbari
18216292475905094676,ugali
18239911496208305896,chapati
18256609712454655569,githeri
18262332427659754923,bhaji
18267632306122203480,chapati
18271367177168542225,sukumawiki
18274213740130119189,masalachips
18284473261399416282,bhaji
18293107613277886932,bhaji
18301443123716145874,nyamachoma
18301498140599740250,chapati
18302448610371772604,githeri
18309647083736534668,nyamachoma
18316035234112861730,masalachips
18321039363009355286,bhaji
18321708560046574932,matoke
18332631937920626674,nyamachoma
18335973065494732603,chapati
18338581703934103416,ugali
18339339599291781704,pilau
18345681561108186439,githeri
18361632310508725159,chapati
1836395629110611498,masalachips
18369579926383556965,ugali
18399057617990862415,sukumawiki
18401324197708093617,chapati
18403792039170642555,masalachips
18403896937644910866,bhaji
18414875746619865974,nyamachoma
18415104579862975326,mandazi
18423369050123817568,matoke
18423764079108289895,pilau
18426943923391956361,sukumawiki
18441800988331646093,mukimo
1844495863342443673,nyamachoma
1845965701232541193,githeri
1851025771247273933,chapati
1853546307740129133,bhaji
1861222934157723954,nyamachoma
1863175047210509183,matoke
1864727275683354447,nyamachoma
1868109317692894922,matoke
1873328236194141577,chapati
1874263454507016479,kukuchoma
1876803055874027339,matoke
189575286464021791,bhaji
1900569551459176603,githeri
190583790112789153,chapati
1922836329278091291,sukumawiki
1923401634727571601,nyamachoma
193014184896406570,kukuchoma
1952725610792777429,githeri
1956655081026942891,bhaji
1960736986207771305,chapati
1969860806706222385,kachumbari
1997554936120204315,matoke
2008482944638019636,chapati
2015899692617252429,sukumawiki
2026656771021130366,mukimo
2030571443827676888,ugali
2041918257774488258,matoke
2045401121454521681,kachumbari
2049465964503133373,kachumbari
2049517581197700435,ugali
2068150118026101102,kachumbari
2075669848385099186,ugali
2077040088870774841,mandazi
2091586883237847738,ugali
2097783291071828587,mandazi
2126561920171109649,githeri
2134814360785300534,ugali
2135118803618397401,matoke
2163825923568549722,mandazi
2166028538511551797,pilau
21777686455352971,githeri
2200281231231374883,ugali
222229413783018438,mukimo
2224981444106704933,matoke
2227367520876552687,nyamachoma
2247466778915529376,nyamachoma
2297886573487684944,ugali
2299237642879591215,bhaji
230968931011229920,mandazi
2327011646705567959,ugali
2340955473066890850,ugali
2344080195093898777,chapati
2344461873770014309,chapati
2367521501285813244,mandazi
2398737898495864609,sukumawiki
2400324415447056269,ugali
2407911456049994585,nyamachoma
2423880398079295250,mandazi
2431259698267335558,mandazi
2431745078513709323,ugali
2442513301859160452,sukumawiki
2445750027843907911,ugali
2447819354520689764,githeri
2462903048737553185,nyamachoma
2471255497063470064,kachumbari
2473792716552828424,ugali
2478864473815020893,kachumbari
2486102806187217563,ugali
2499934345403541782,pilau
2519346873942500557,mandazi
2536449809862951899,chapati
2551679508373319620,mandazi
2551816884134606780,mandazi
255345077539163246,kukuchoma
2556007834836133576,mandazi
2556254428325141139,chapati
2578452281794353236,bhaji
2589418739594187454,kachumbari
2600769511702945169,nyamachoma
2613711888083304420,nyamachoma
2614573750537076904,kachumbari
2620049146288720225,githeri
2639891745231154257,chapati
2660108674373407180,sukumawiki
2694031632012288342,nyamachoma
2713791089243901225,chapati
2728254238930715983,ugali
2737472420388577697,mandazi
2750782705803875399,kachumbari
2759563430117839769,ugali
2763233031761903091,nyamachoma
2777413882033489073,matoke
2787489864413511046,githeri
2824555299549354995,ugali
2836541796130738193,bhaji
2853626786531852273,ugali
2855642253712763651,matoke
2860081108466158644,kachumbari
2865476282435938383,bhaji
2868148878746219687,ugali
2892826273970616039,nyamachoma
2893998969832300199,matoke
2898165480889255917,mandazi
2899271494059264155,chapati
2906555109236171415,pilau
2910467219646285575,masalachips
2919934771304300737,bhaji
292802461187707446,pilau
2930459753345228850,masalachips
2955804291129147538,bhaji
2964378868624553887,matoke
2970146313928564521,nyamachoma
2982179634770272328,githeri
2984836545245190340,githeri
2994286387103322179,matoke
3042354874029001686,masalachips
3061291508623918281,sukumawiki
3061810934794548394,chapati
3084863096205939308,bhaji
3094804487341098468,kachumbari
3098084457190322716,githeri
3122564352120926217,mandazi
3128542894118292572,githeri
3128569738018489091,chapati
3128739111728374700,githeri
3131639720496569985,matoke
3133172326519773057,masalachips
3146403483459214329,ugali
31710090846619110,chapati
3173247370964915065,chapati
3198151528461368244,chapati
3212144336039033436,ugali
3232020170382870007,bhaji
3260325480167148205,nyamachoma
326430668864825278,mandazi
3306935610368657770,bhaji
3316494615418634845,ugali
3320564052696386260,masalachips
3325918639776174273,chapati
3328432290728190309,bhaji
3329821741742186938,nyamachoma
3335148740868677310,kachumbari
3335514176966232088,sukumawiki
3351352079149286272,chapati
3358463591943382311,kachumbari
3369988945783950068,sukumawiki
3386800443469418132,nyamachoma
3396833193198700680,ugali
3400137384372973994,pilau
3409984155490683946,mukimo
3418538388241751958,sukumawiki
342254884294343427,masalachips
3425406512000145378,mandazi
3439309440104164133,chapati
3476099940806487873,chapati
3485167173366413063,bhaji
3495662739256532804,pilau
3509130205054570497,nyamachoma
3526683385051753766,chapati
3538716093069127154,bhaji
3551710730860252797,chapati
357223172315723285,pilau
3573821196976400483,pilau
3580451554644108530,matoke
3584273011486933977,bhaji
358981381902316105,mukimo
3592778677403097463,mandazi
3599007874642349329,bhaji
3602334317428057815,kachumbari
3607672110942257674,nyamachoma
3609108279531302134,sukumawiki
3616415337579297693,mandazi
362020298287397748,masalachips
3626183809635328010,ugali
3631180427842360203,kachumbari
3647449053075634130,chapati
3654748241539932415,chapati
3661055381603002730,masalachips
3693123110362606542,mandazi
3697052806271570355,githeri
3711403687064729885,mandazi
3722135454471393378,bhaji
3726353820898441497,bhaji
3730385426221707129,chapati
3736311636193995849,matoke
3739531203182583081,matoke
3741678571648944754,pilau
3746480945065602811,ugali
3759358383312981210,nyamachoma
3760226432429706262,mandazi
3767803558849581161,matoke
378295533330079115,chapati
3793125430018403920,chapati
3806552847544798528,matoke
3819860595815022491,mukimo
3835631916358812569,bhaji
3839504197347153473,masalachips
383985176186318350,ugali
38444303136476172,nyamachoma
3859803597881531662,matoke
3890266393469848568,chapati
3937260071244987580,nyamachoma
3947168929876946164,kukuchoma
3970747162106311276,sukumawiki
397792304508206428,matoke
3998548012278459275,mandazi
4005754432901553386,kachumbari
4013878968969303649,ugali
4015243674580015337,nyamachoma
4017085193156170180,mandazi
4019893388986937213,ugali
4039630903490244078,ugali
4059811277090856517,sukumawiki
4061257205067629978,bhaji
4076570994290712712,masalachips
4081630355592203827,chapati
4083897169402282908,chapati
408683412081536185,githeri
4094609919090026678,pilau
410767713291632782,chapati
4108683361318090080,chapati
411417267119446365,chapati
4115855569707467526,chapati
4137254480648939754,chapati
4146008112016168642,nyamachoma
417289290762147796,kukuchoma
4177592678758114705,chapati
4180937810920678671,mandazi
4194396063119815321,ugali
420015437990293089,mukimo
4216873989078305768,chapati
4232555077097322163,matoke
4238243495643826678,kachumbari
4269292328271167690,bhaji
4274441265593863943,nyamachoma
428265386858000961,nyamachoma
4288033394674623641,nyamachoma
4295620720041118240,chapati
4297934370841092623,masalachips
4308109774443930579,chapati
4321845221603757100,chapati
4340211636883298006,bhaji
4344362503327457770,chapati
4352692247159387740,chapati
4367770269008602819,nyamachoma
4404476756115290291,chapati
4418741899287152795,bhaji
4431928630435222523,kachumbari
4438330163417144962,mukimo
4448877871951946103,ugali
4453944119038229285,chapati
4475076427427447820,sukumawiki
4481342611008844605,mandazi
4483848793587466732,matoke
4488742584997394445,sukumawiki
4514380664411721924,chapati
4514822777811323246,bhaji
4527137191328522305,chapati
4532578860509387579,bhaji
4536620945475940566,mukimo
4536714170584418454,pilau
4542791172190032569,nyamachoma
4544978267322997814,chapati
4574080512455162074,bhaji
4581212182778854911,ugali
4628206316993090341,ugali
4652564753816464734,nyamachoma
4662318703558052158,kachumbari
4664626221851502202,githeri
4666889333254385141,sukumawiki
4675713817521127585,mandazi
4695272267228050823,ugali
4710262463064487129,bhaji
4711036524470639280,pilau
4724828799594768838,ugali
4725812552826592991,githeri
4731425001968148142,chapati
4736115185826833796,chapati
474071178898557641,matoke
4773423775489923214,nyamachoma
4781079925672478992,chapati
4810507330944834146,mandazi
4815300026156414451,bhaji
4858510207088946382,nyamachoma
4863960643351143772,pilau
4868486697531317477,chapati
4884908715746681179,ugali
4887517735297086708,mandazi
4887697901295530264,ugali
4893338428504341540,githeri
4916207054427461956,ugali
4924198701699246678,githeri
49403005563994236,masalachips
494191127987467647,nyamachoma
4957928776583762112,kachumbari
4971343206369877088,kachumbari
5020194932336647377,sukumawiki
5027742189550437393,mandazi
5030324776614681870,chapati
5033867424761892611,bhaji
5035465744270742439,chapati
504006006742080753,chapati
50410635288993879,chapati
5042902231190736409,bhaji
5053722403418721391,bhaji
5054760914983930526,kachumbari
5069828705950569129,mandazi
5075160390735639919,githeri
508939443277112215,bhaji
5094477862743936636,mandazi
5098735543608280733,nyamachoma
5108614074384230569,ugali
5118495218558568758,sukumawiki
5119270676735881810,masalachips
512923677288863455,pilau
5134535133102715871,chapati
5141063033752835127,ugali
51494649589090308,nyamachoma
5166134352301815123,sukumawiki
520360633524368281,nyamachoma
5207944820989100906,ugali
5217401552568716653,matoke
5226019996200340291,masalachips
5230840419835044379,matoke
526253667495571389,ugali
5266706443640987761,ugali
5270117258795090888,ugali
5273979289374794223,ugali
5277804077053234867,nyamachoma
5290911765478588910,bhaji
5293350080522344635,mandazi
5299368598670376053,mandazi
5301403657601924172,kachumbari
5312408548623099793,sukumawiki
5316185716959181239,chapati
5329791121973914714,matoke
5340609640658124121,mukimo
5356515681973765891,ugali
5359860056357259916,mandazi
5377424266929477918,ugali
5379328535279917121,matoke
5398584390448294216,mukimo
5401219456540441384,chapati
5405317766980936508,mandazi
54261387083828189,matoke
5436218500909318162,nyamachoma
5456650143577914196,ugali
5513243162994020949,chapati
5516465342013907071,ugali
5528771884209068889,ugali
5532429127410230523,kachumbari
5532447134573461004,sukumawiki
5554288459467044185,bhaji
5561760193647370049,chapati
5572067514111382278,bhaji
5588139849031514895,chapati
5615659193278901962,sukumawiki
5617948646673360638,ugali
5626042837239935474,ugali
5626538573426609586,bhaji
5630174982559132715,chapati
563134102082537349,mukimo
5634936085032883235,nyamachoma
5640441215423128996,matoke
5647013290092490464,chapati
5664138533187591675,kachumbari
5677145000661758740,mandazi
5687693015126449094,chapati
5690943988096131409,githeri
5692273483773550723,kachumbari
5701517396600178856,githeri
5704150953485322846,kachumbari
570418296745250296,masalachips
5715310691245497709,ugali
5724468328178054074,nyamachoma
573125046587835375,masalachips
5747400618053435146,mandazi
5778209842554051444,mandazi
5797740278684476588,kachumbari
5803177950092770827,chapati
5807637199214953403,bhaji
5827342261332058667,kachumbari
5842161939701625540,bhaji
5849146165974862944,ugali
58603927811041952,sukumawiki
5865452858445962628,masalachips
5906402380945584030,matoke
5910870249936252255,pilau
5931093642152129384,mandazi
5939975296624036988,githeri
5941221229349444483,kachumbari
594749869939278888,kukuchoma
5962248642882144950,chapati
5963029213602578163,ugali
5973698746249271789,nyamachoma
5991642280840420094,mandazi
5993711308710164914,chapati
6028165130408873509,nyamachoma
6031163483739452341,githeri
6036422990637343334,kachumbari
6036690809816550455,chapati
6047348548014323691,bhaji
6071631426721779370,bhaji
6073958115800953294,masalachips
6101485270037891519,chapati
6123138375555250273,chapati
6126850685754045171,bhaji
6131236831391510211,matoke
6175923175697524236,chapati
6187751657099179839,sukumawiki
6202881953111685417,matoke
6221204522669679284,nyamachoma
6227504259881409259,mandazi
6232636558598944983,chapati
6246759883907852128,masalachips
6255168012794566642,matoke
626209249074323498,bhaji
6270972093551642711,chapati
6283693902335659180,nyamachoma
6285401122803073793,kachumbari
6302495690421637982,chapati
6314096715012043755,nyamachoma
6317831331282602489,matoke
6318123193382700060,mandazi
6320387480973366855,ugali
634042432987635792,ugali
6344293456587478249,kukuchoma
63625948565734799,kachumbari
6376087942682676417,chapati
6377591373614883913,ugali
6381810042027465099,nyamachoma
6392045152143226394,bhaji
6396591038294174819,nyamachoma
6425577949886947667,chapati
6433620700259351571,matoke
6446998501027132988,nyamachoma
6468009430467410364,bhaji
6473465927283239851,ugali
6474563962167795174,bhaji
647900954527732216,nyamachoma
6482224277738774779,chapati
6500484835004684461,ugali
6512875783777128377,mandazi
6541669301708849760,mukimo
6555923592586729371,chapati
6572056070648508463,sukumawiki
6572065594817411630,nyamachoma
6577629572379922315,mandazi
6582452949275389646,nyamachoma
6644158974310118572,bhaji
6644739788578686558,nyamachoma
6646785428062490064,pilau
6661046174535087529,chapati
6682507767458170780,nyamachoma
6685890812242316635,chapati
6686330795392911430,chapati
6694320234818592489,ugali
6704970097468892762,pilau
671684490123721932,ugali
6721340132611899062,githeri
672727354585566109,nyamachoma
672954769923018165,githeri
6737403195775566481,bhaji
6746562500781838043,nyamachoma
6748713348847921569,nyamachoma
6758093151306969942,chapati
6774158799031929280,ugali
6798074854550619405,kachumbari
680055482946285540,mandazi
6803729141793461644,sukumawiki
6809160214341311484,kachumbari
6817907151647124825,matoke
6826495855915914764,kachumbari
6827686749052556610,chapati
6827689740719250982,kachumbari
6835424573932973161,ugali
6874974879389748486,kachumbari
6883789201449454369,githeri
6884826951599795175,bhaji
6885420010283575441,chapati
688663478550263666,githeri
6901262699491525201,mandazi
691689698043245695,bhaji
6919287004125397271,chapati
69199137113489455,pilau
6932804917731113281,nyamachoma
6935090551980744441,chapati
6936903775384716624,chapati
6944806154832152747,nyamachoma
6985038261533878658,githeri
699206164563426944,masalachips
7006405851530073117,mandazi
7012179965129100386,ugali
7028835726053781767,bhaji
7041581166084582091,matoke
7046126591494148881,mandazi
7058867706280603036,masalachips
7064840039907742753,mandazi
7069944228201524580,chapati
7090335710586585180,sukumawiki
7095296847973937600,githeri
7100011903375021356,ugali
7103438760162678607,nyamachoma
7108722249194400867,githeri
7110786576969486032,bhaji
7136939377674940311,ugali
7151547404252358136,githeri
7167836781426065095,matoke
7176457125199583272,ugali
7178625613847295996,githeri
7181469353547598878,githeri
7190465626661991478,chapati
7202164087137196921,nyamachoma
7208747626207752318,nyamachoma
7221783998263486163,ugali
7221985143260268979,nyamachoma
7239545575946200807,bhaji
724438230758064224,chapati
725507537416935234,matoke
7256293637806766755,pilau
7271351025798223449,bhaji
7276441722201816177,githeri
7279049750008194702,ugali
7281277701967518313,mandazi
7292013769757473790,chapati
7300707897886061279,githeri
7345761039440091897,githeri
73585503001692948,kachumbari
7364447289823250077,mandazi
7408919968790131218,matoke
743012228932996608,ugali
7440839796882776885,masalachips
7445824523945345833,chapati
7448314752935014867,chapati
7454000247671709039,chapati
7462047412345243641,ugali
7471730227220449048,mandazi
7498296764986325048,bhaji
750003662509149172,bhaji
7503918163130415845,githeri
7506823032637888067,kukuchoma
7543536850118167079,nyamachoma
7596268598227627643,ugali
7596800488769036423,nyamachoma
7603932903567200733,mandazi
761270166752000015,matoke
7622877246147659431,mandazi
7623826795844332174,pilau
7627405327067610943,pilau
7632548321121845670,mandazi
7636321304474614897,chapati
7678641842478065807,kachumbari
7681771338411937920,bhaji
7691051705431832854,ugali
7692224407249149543,githeri
7731995542456206558,githeri
7787602503367496997,masalachips
7798119164090028747,ugali
7817844030831091189,kachumbari
7849831477170514970,bhaji
7861531088572184030,ugali
7864121173869884240,bhaji
7866868166437123631,bhaji
7872954221890963019,githeri
7885387890389063149,chapati
7885935125002285873,matoke
7897705214027162616,pilau
7903242276198010604,chapati
7903645926835307909,githeri
7966594966604130128,pilau
8016946327877005412,masalachips
8026531078427276542,nyamachoma
8045826470581464503,pilau
8054055387939986599,matoke
8061768398722356164,masalachips
8064953204903028586,matoke
8070398107115864960,pilau
8074959968013521342,bhaji
8075343263870747236,mandazi
8082017208962233056,bhaji
8091273939017284713,nyamachoma
8103186216717651954,chapati
8116123868165089883,ugali
8122302957309708656,githeri
8127640645858525485,nyamachoma
8131343961915104980,githeri
8141814740350368807,kachumbari
8164115707597442635,mandazi
8167890009429408947,masalachips
8169398357497609509,nyamachoma
8171659330960222196,chapati
8172558162846207490,ugali
8191689196361054462,sukumawiki
8196388079885693776,masalachips
8199546024210931840,pilau
8213365026002176366,chapati
8224140705519034519,masalachips
8230932254073290359,bhaji
8252559831012063925,mandazi
825702726106671707,mandazi
8294502953688426341,githeri
8296176228461347242,kachumbari
8330157423714725352,nyamachoma
8330809471224801845,kachumbari
8362318401527894099,matoke
8366853423763282151,masalachips
8395607170213023786,kachumbari
8396236723442605889,bhaji
8401562721939660447,githeri
8409839621855699938,matoke
8414147426878290177,masalachips
8422818151717390944,chapati
8436191237338367818,ugali
8442556265306306568,mandazi
8456894392691479660,mukimo
8457914491089307501,chapati
8464218233091680668,mukimo
8465211282352040108,kachumbari
8482449136638770916,nyamachoma
8494908487746813132,mandazi
8510036279344254906,mandazi
8542395356535003059,chapati
856873117176605906,kachumbari
8577455264185261616,githeri
8603847493940663559,bhaji
8610771667677140612,matoke
8613586079450983046,kachumbari
8616441553972924483,ugali
8623706142352855494,masalachips
8643762829682282904,nyamachoma
8646363607211597576,mukimo
8648755337955970438,nyamachoma
8678673742576225342,chapati
8685939564181023847,mukimo
8700071077557855382,ugali
87210343417660317,githeri
8743806323055095643,mandazi
8747656756251649952,chapati
8749038216842113876,kachumbari
8759384690453732159,mandazi
876050976153399850,chapati
8776845394410171414,nyamachoma
8777416531750857172,ugali
8812864679133922881,pilau
8818144310971459792,sukumawiki
8836295853288823747,nyamachoma
8850638967410431072,bhaji
8864144451303122104,nyamachoma
8864383204038916157,chapati
8878583122904013188,masalachips
8895222580200402487,mandazi
8900485242932497652,nyamachoma
8900969075260160298,bhaji
8906369937087635611,githeri
8907702443903089711,masalachips
8923888819604027132,kachumbari
8924339916156119511,chapati
8932484243665204162,githeri
8936543358036618968,ugali
8944558198022156081,masalachips
8950102329910390389,kachumbari
8959879861829815440,masalachips
8963499626222449785,bhaji
8981669783289304769,mandazi
8981686928535387831,chapati
8982974588876029828,sukumawiki
9018117998187006009,mandazi
9031664819701623403,sukumawiki
9048682720469804615,mandazi
9056719094847129624,kachumbari
9081695650731655657,mandazi
9105198149579994995,githeri
9106567487865259649,kukuchoma
9110028199964653480,pilau
9121483248452255010,kachumbari
9139446976204937428,mukimo
9141685386751923865,chapati
9147118515029059717,kachumbari
9151595898610176548,mandazi
9156739011499789258,nyamachoma
915716063629455546,ugali
9173210393871356667,chapati
9177832684280818731,ugali
9205129777381640635,nyamachoma
9229227572499429923,nyamachoma
9242841675443842119,bhaji
9261063777481359695,mandazi
9262750812933300107,bhaji
929547668789122424,mandazi
9297162226731417425,masalachips
9297875840369057514,pilau
930236947628925041,bhaji
9302721997592942791,kachumbari
9325269790432007572,mandazi
9334312099345027849,mandazi
9335523107845893319,chapati
9345882131302789141,kachumbari
9355850566771046766,kachumbari
9374173984992004674,nyamachoma
9388962691197438734,kukuchoma
9407793000171090428,nyamachoma
9412204221775165702,ugali
9417117825994295366,chapati
9418712822200217869,bhaji
9419250458836193428,mandazi
9422350258431419063,chapati
9424367005659488848,chapati
9437425600945167740,nyamachoma
9454800986798553859,ugali
9455622265043837393,matoke
9460231234957825525,mandazi
9464277099030727272,ugali
9467059876051046537,bhaji
9469542854685140180,ugali
9470207748503241447,bhaji
9471564244625665357,chapati
9477063447395541099,pilau
9483664308571127021,kachumbari
9502859232079638737,githeri
9509834420565330681,mukimo
952577651521651908,mandazi
9537299342678615272,nyamachoma
9545574305615988973,ugali
9549488084638141068,nyamachoma
9559460088167296467,kachumbari
9568329440250010351,pilau
9605848492862836796,chapati
9609717132253400267,chapati
9610706368676739838,chapati
9622201905220482849,ugali
963922924980847426,nyamachoma
9650672577969928643,nyamachoma
9659856526867382870,sukumawiki
9663194316061248222,kukuchoma
9672465547754304110,githeri
96776047111586538,nyamachoma
9696576710454819443,chapati
971150236775003747,ugali
9715825811539818915,chapati
9718148789833698568,sukumawiki
9729316094332948059,kachumbari
9732487811157129771,githeri
9744777344956312944,chapati
9747940763924069508,ugali
9783693169806472726,ugali
9798429900990795864,sukumawiki
9819034861576548052,ugali
982109183056815075,mandazi
9831451002903685171,mandazi
9832390943181770096,ugali
9836734105723430015,nyamachoma
9843029272490566120,matoke
9884636669960822870,mukimo
988574772261623475,githeri
9886588510475065022,chapati
9914086191783929943,nyamachoma
9914489783185702567,nyamachoma
9942288394895695942,kachumbari
9959793093699039658,ugali
9963874194584857281,nyamachoma
9979392188478154008,mandazi
9983001519243515734,bhaji
9983143109257055319,chapati
9985427678729282692,chapati
9987632807364869709,chapati
9987748929643127811,bhaji
